Name,City
Long Bay College,Auckland
Rangitoto College,Auckland
Kristin School,Auckland
Glenfield College,Auckland
Birkenhead College,Auckland
Northcote College,Auckland
Hato Petera College,Auckland
Carmel College,Auckland
Takapuna Grammar School,Auckland
Westlake Boys' High School,Auckland
Westlake Girls' High School,Auckland
Rosmini College,Auckland
Rutherford College,Auckland
Macleans College,Auckland
Green Bay High School,Auckland
Massey High School,Auckland
Waitakere College,Auckland
Henderson High School,Auckland
Liston College,Auckland
St Dominic's Catholic College (Henderson),Auckland
Western Springs College,Auckland
Selwyn College,Auckland
St Mary's College (Ponsonby),Auckland
St Paul's College (Ponsonby),Auckland
Tyndale Park Christian School,Manukau
Auckland Girls' Grammar School,Auckland
Auckland Grammar,Auckland
Tamaki College,Auckland
Tangaroa College,Auckland
Sacred Heart College (Auckland),Auckland
Saint Kentigern Girls' School,Auckland
Baradene College,Auckland
St Peter's College (Epsom),Auckland
Marcellin College,Auckland
Epsom Girls Grammar School,Auckland
Glendowie College,Auckland
Dilworth School,Auckland
Diocesan School For Girls,Auckland
St Cuthbert's College (Epsom),Auckland
Mt Albert Grammar School,Auckland
Marist College,Auckland
Hebron Christian College (Auckland),Auckland
Mt Roskill Grammar,Auckland
Lynfield College,Auckland
Bethlehem College,Tauranga
Avondale College,Auckland
Edgewater College,Auckland
Pakuranga College,Auckland
St Kentigern College (Pakuranga),Auckland
Kelston Boys' High School,Auckland
Kelston Girls' College,Auckland
One Tree Hill College,Auckland
Onehunga High School,Auckland
Howick College,Auckland
Otahuhu College,Auckland
Kings College,Auckland
McAuley High School,Auckland
Mangere College,Auckland
Auckland Seventh-Day Adventist H S,Auckland
De La Salle College,Auckland
Papatoetoe High School,Auckland
Aorere College,Auckland
Sir Edmund Hillary Collegiate Senior School,Auckland
Manurewa High School,Auckland
James Cook High School,Auckland
Papakura High School,Papakura
Rosehill College,Papakura
Pukekohe High School,Pukekohe
Wesley College,Pukekohe
Waiuku College,Waiuku
Tuakau College,Tuakau
Onewhero Area School,Tuakau
Coromandel Area School,Coromandel
Mercury Bay Area School,Whitianga
Thames High School,Thames
Hauraki Plains College,Ngatea
Paeroa College,Paeroa
Waihi College,Waihi
Te Kauwhata College,Te Kauwhata
Te Aroha College,Te Aroha
Katikati College,Katikati
Mt Maunganui College,Mount Maunganui
Huntly College,Huntly
Otumoetai College,Tauranga
Tauranga Boys' College,Tauranga
Tauranga Girls' College,Tauranga
Te Puke High School,Te Puke
Matamata College,Matamata
Raglan Area School,Raglan
Morrinsville College,Morrinsville
Ngaruawahia High School,Ngaruawahia
Fairfield College,Hamilton
St Paul's Collegiate (Hamilton),Hamilton
Hamilton Boys' High School,Hamilton
Hamilton Girls' High School,Hamilton
Raphael House Rudolf Steiner Area School,Lower Hutt
Flaxmere College,Hastings
Fraser High School,Hamilton
St John's College (Hillcrest),Hamilton
Melville High School,Hamilton
Hillcrest High School,Hamilton
Sacred Heart Girls' College (Ham),Hamilton
Waikato Diocesan School For Girls,Hamilton
St Peter's School (Cambridge),Cambridge
Cambridge High School,Cambridge
Trident High School,Whakatane
Whakatane High School,Whakatane
Edgecumbe College,Edgecumbe
Te Awamutu College,Te Awamutu
Opotiki College,Opotiki
Western Heights High School,Rotorua
Rotorua Boys' High School,Rotorua
Rotorua Girls' High School,Rotorua
Rotorua Lakes High School,Rotorua
Otorohanga College,Otorohanga
Tokoroa High School,Tokoroa
Forest View High School,Tokoroa
Te Kuiti High School,Te Kuiti
Benneydale School,Benneydale
Piopio College,Piopio
Reporoa College,Reporoa
Tauhara College,Taupo
Taupo-nui-a-Tia College,Taupo
Taumarunui High School,Taumarunui
Waitara High School,Waitara
New Plymouth Boys' High School,New Plymouth
New Plymouth Girls' High School,New Plymouth
Spotswood College,New Plymouth
Sacred Heart Girls' College (N Plymouth),New Plymouth
Francis Douglas Memorial College,New Plymouth
Ohura Valley Primary,Ohura
Inglewood High School,Inglewood
Stratford High School,Stratford
St Mary's Diocesan School (Stratford),Stratford
Opunake High School,Opunake
Hawera High School,Hawera
Ruapehu College,Ohakune
Patea Area School,Patea
Whanganui City College,Whanganui
Whanganui Girls' College,Whanganui
Whanganui High School,Whanganui
Cullinane College,Whanganui
Longburn Adventist College,Palmerston North
Wanganui Collegiate School,Whanganui
Rangitikei College,Marton
Nga Tawa Diocesan School,Marton
Feilding High School,Feilding
Awatapu College,Palmerston North
Hato Paora College,Feilding
Freyberg High School,Palmerston North
Queen Elizabeth College,Palmerston North
Palmerston North Boys' High School,Palmerston North
Palmerston North Girls' High School,Palmerston North
St Peter's College (Palmerston North),Palmerston North
Manawatu College,Foxton
Ngata Memorial College,Ruatoria
Lytton High School,Gisborne
Gisborne Boys' High School,Gisborne
Gisborne Girls' High School,Gisborne
Campion College,Gisborne
Tolaga Bay Area School,Tolaga Bay
Wairoa College,Wairoa
Taradale High School,Napier
Napier Boys' High School,Napier
Napier Girls' High School,Napier
Tamatea High School,Napier
Sacred Heart College (Napier),Napier
William Colenso College,Napier
Te Wharekura o Ruatoki,Whakatane
St Joseph's Maori Girls' College,Napier
Havelock North High School,Havelock North
Iona College,Havelock North
Woodford House,Havelock North
St John's College (Hastings),Hastings
Hastings Boys' High School,Hastings
Hastings Girls' High School,Hastings
Karamu High School,Hastings
Lindisfarne College,Hastings
Taikura Rudolf Steiner School,Hastings
Te Aute College,Pukehou
Central Hawkes Bay College,Waipukurau
Dannevirke High School,Dannevirke
Tararua College,Pahiatua
Horowhenua College,Levin
Waiopehu College,Levin
Kaitaia Abundant Life School,Kaitaia
Otaki College,Otaki
Wairarapa College,Masterton
Solway College,Masterton
Makoura College,Masterton
Chanel College,Masterton
Rathkeale College,Masterton
St Matthew's Collegiate (Masterton),Masterton
Kapiti College,Raumati Beach
Paraparaumu College,Paraparaumu
Kuranui College,Greytown
Upper Hutt College,Upper Hutt
Heretaunga College,Upper Hutt
St Patrick's College (Silverstream),Upper Hutt
Aotea College,Porirua
Mana College,Porirua
Porirua College,Porirua
Bishop Viard College,Porirua
Tawa College,Wellington
Taita College,Lower Hutt
Naenae College,Lower Hutt
St Bernard's College,Lower Hutt
Hutt Valley High School,Lower Hutt
Sacred Heart College (Lower Hutt),Lower Hutt
Chilton Saint James School,Lower Hutt
St Oran's College,Lower Hutt
Waipa Christian School,Te Awamutu
Newlands College,Wellington
Onslow College,Wellington
Wellington Girls' College,Wellington
Wellington High School and Com Ed Centre,Wellington
Wellington East Girls' College,Wellington
Wellington College,Wellington
St Patrick's College (Kilbirnie),Wellington
Rongotai College,Wellington
Queen Margaret College,Wellington
TKKM o Hoani Waititi,Auckland
Samuel Marsden Collegiate School,Wellington
Scots College,Wellington
Te Kura Amorangi o Whakawatea,Hamilton
Otamatea Christian School,Maungaturoto
St Catherines College (Kilbirnie),Wellington
St Mary's College (Wellington),Wellington
Queen Charlotte College,Picton
Marlborough Boys' College,Blenheim
Marlborough Girls' College,Blenheim
Collingwood Area School,Collingwood
Rai Valley Area School,Rai Valley
Golden Bay High School,Takaka
Nayland College,Nelson
Nelson College,Nelson
Nelson College For Girls,Nelson
Waimea College,Richmond
Tapawera Area School,Nelson
Motueka High School,Motueka
Murchison Area School,Murchison
Karamea Area School,Westport
Buller High School,Westport
Greymouth High School,Greymouth
John Paul II High School,Greymouth
Westland High School,Hokitika
South Westland Area School,Harihari
Kaikoura High School,Kaikoura
Amuri Area School,Culverden
Cheviot Area School,Cheviot
Oxford Area School,Oxford
Hurunui College,Hawarden
Rangiora High School,Rangiora
Kaiapoi High School,Kaiapoi
St Bedes College,Christchurch
Papanui High School,Christchurch
Christchurch Adventist School,Christchurch
St Andrew's College (Christchurch),Christchurch
Burnside High School,Christchurch
Mairehau High School,Christchurch
Shirley Boys' High School,Christchurch
Avonside Girls' High School,Christchurch
Rangi Ruru Girls' School,Christchurch
Villa Maria College,Christchurch
Christchurch Boys' High School,Christchurch
Christchurch Girls' High School | Te Kura o Hine Waiora,Christchurch
Mangakino Area School,Mangakino
Christ's College,Christchurch
St Thomas of Canterbury College,Christchurch
St Margaret's College,Christchurch
Riccarton High School,Christchurch
Middleton Grange School,Christchurch
Hagley Community College,Christchurch
Linwood College,Christchurch
Hornby High School,Christchurch
Hillmorton High School,Christchurch
Cashmere High School,Christchurch
Hillview Christian School,Christchurch
Marian College,Christchurch
Westminster Christian School,Auckland
Darfield High School,Darfield
Lincoln High School,Lincoln
Mount Hutt College,Methven
Ellesmere College,Leeston
Akaroa Area School,Akaroa
Ashburton College,Ashburton
Geraldine High School,Geraldine
Mackenzie College,Fairlie
Opihi College,Temuka
Craighead Diocesan School,Timaru
Roncalli College,Timaru
Mountainview High School,Timaru
Timaru Boys' High School,Timaru
Timaru Girls' High School,Timaru
Waimate High School,Waimate
Waitaki Valley School,Kurow
Waitaki Boys' High School,Oamaru
Waitaki Girls' High School,Oamaru
The Cathedral Grammar School,Christchurch
St Kevins College (Oamaru),Oamaru
Maniototo Area School,Ranfurly
East Otago High School,Palmerston
Dunstan High School,Alexandra
Cromwell College,Cromwell
Wakatipu High School,Queenstown
Roxburgh Area School,Roxburgh
Logan Park High School,Dunedin
Otago Boys' High School,Dunedin
Otago Girls' High School,Dunedin
St Hildas Collegiate,Dunedin
Kaikorai Valley College,Dunedin
Bayfield High School,Dunedin
Kings High School (Dunedin),Dunedin
Queens High School,Dunedin
Columba College,Dunedin
John McGlashan College,Dunedin
Lawrence Area School,Lawrence
Blue Mountain College,Tapanui
Tokomairiro High School,Milton
South Otago High School,Balclutha
The Catlins Area School,Owaka
Northern Southland College,Lumsden
Gore High School,Gore
St Peter's College (Gore),Gore
Takitimu Primary School,Nightcaps
Central Southland College,Winton
Fiordland College,Te Anau
Menzies College,Wyndham
Waiau Area School,Tuatapere
Southland Boys' High School,Invercargill
Southland Girls' High School,Invercargill
Verdon College,Invercargill
Aparima College,Riverton
Rangiora New Life School,Rangiora
Rudolf Steiner School (Chch),Christchurch
Richmond View School,Blenheim
Faith City School,Whanganui
Michael Park School,Auckland
Odyssey House School (Auckland),Auckland
Whangamata Area School,Whangamata
Excellere College,Whangarei
Kingsway School,Red Beach
Hukarere College,Eskdale
Springbank School,Kerikeri
Totara College of Accelerated Learning,Dannevirke
Pinehurst School,Auckland
ACG Strathallan,Karaka
Hastings Christian School,Hastings
Hamilton Christian School,Hamilton
Southern Cross Campus,Auckland
Kadimah School,Auckland
St Dominic's College,Whanganui
Pukekohe Christian School,Pukekohe
Immanuel Christian School,Auckland
Carey College,Auckland
Ambury Park Centre,Auckland
TKK Motuhake o Tawhiuau,Murupara
Mana Tamariki,Palmerston North
Manukau Christian School,Auckland
Zayed College for Girls,Auckland
Westmount School,Auckland
Auckland International College,Auckland
The Bridge Academy,Auckland
Tongariro School,Turangi
Wainuiomata High School,Lower Hutt
City Impact Church School,Auckland
Aquinas College,Tauranga
Wentworth College,Whangaparaoa
Mt Hobson Middle School,Auckland
Nga Taiatea Wharekura,Hamilton
Sancta Maria College,Manukau
Putaruru College,Putaruru
Taieri College,Mosgiel
Reefton Area School,Reefton
Te Kura o Hirangi,Turangi
Te Aho o Te Kura Pounamu,Wellington
Kelston Deaf Education Centre,Auckland
Drury Christian School,Drury
Kimi Ora School,Lower Hutt
Kingslea School,Christchurch
Van Asch Deaf Education Centre,Christchurch
Halswell Residential College,Christchurch
Carlson School (Cerebral Palsy),Auckland
Salisbury School (Nelson),Richmond
Twizel Area School,Twizel
Ponatahi Christian School,Carterton
Waiheke High School,Waiheke Island
Catholic Cathedral College,Christchurch
John Paul College,Rotorua
Mt Aspiring College,Wanaka
Kavanagh College,Dunedin
Waikato Waldorf School ( Rudolf Steiner),Hamilton
Al-Madinah School,Auckland
Te Kura Toitu o Te Whaiti-nui-a-Toi,Te Whaiti
Samuel Marsden Collegiate School -Whitby,Porirua
MindAlive,Auckland
Aurora College,Invercargill
Taihape Area School,Taihape
Te Waha O Rerekohu Area School,Te Araroa
Coastal Taranaki School,Okato
James Hargest College,Invercargill
Mission Heights Junior College,Auckland
Tangaroa College Teen Parent Unit,Auckland
Holy Family School (Wanaka),Wanaka
TKKM o Te Kura Kokiri,Tauranga
Te Wainui a Rua,Ranana
Albany Senior High School,Auckland
Ormiston Senior College,Auckland
Stonefields School,Auckland
Maraekakaho School,Maraekakaho
Te Wharekura o Te Kaokaoroa o Patetere,Putaruru
Mission Heights Primary School,Auckland
ACG Sunderland,Waitakere
Te Totara Primary School,Hamilton
West Rolleston Primary School,Rolleston
Shotover Primary School,Queenstown
Hingaia Peninsula School,Auckland
Te Kura o Nga Ruahine Rangi,Mangatoki
Kauri Flats School,Auckland
TKKM o Ngaringaomatariki,Wellsford
Kumeroa School,Kumeroa
KingsGate School,Auckland
Golden Grove School,Auckland
Wentworth Primary,Whangaparaoa
Big Rock Primary School,Brighton
Ashburton Christian School,Ashburton
Seven Oaks School,Christchurch
Henderson - Teen Parent Unit - He Wero o nga Wahine,Auckland
Amesbury School,Wellington
Rototuna Senior High School,Hamilton
Murihiku Young Parents Learning Centre,Invercargill
City Impact Church School (Secondary),Auckland
Sancta Maria Catholic Primary School,Manukau
Huanui College,Whangarei
Silverstream Christian School,Upper Hutt
Te Karaka Area School,Gisborne
Chapman College,Rotorua
TKKM o Tuia te Matangi,Nelson
Te Kura Maori o Nga Tapuwae,Auckland
Kia Aroha College,Auckland
Tai Wananga,Hamilton
Kingsview School,Queenstown
Pa Harakeke Teen Parent Unit,Tokoroa
Te Wharekura o Nga Purapura o Te Aroha,Te Awamutu
Bathgate Park School,Dunedin
Carisbrook School,Dunedin
Te Whata Tau o Putauaki,Kawerau
Rolleston College,Rolleston
Kawerau Putauaki School,Kawerau
Murupara Area School,Murupara
Kahurangi School,Wellington
Tarawera High School,Kawerau
Nelson Teen Parent Unit,Nelson
Waikato Montessori Education Centre,Hamilton
Levin Teen Parent Unit,Levin
Eden Christian Academy,Tuakau
Ao Tawhiti Unlimited Discovery,Christchurch
Te Waka Unua School,Christchurch
Waitakiri Primary School,Christchurch
Lyttelton Primary School,Lyttelton
Ormiston Primary School,Auckland
South Auckland Middle School,Auckland
Te Kura Hourua o Whangarei Terenga Paraoa,Whangarei
The Rise Up Academy,Auckland
Vanguard Military School,Auckland
Seven Oaks Secondary School,Christchurch
Rawhiti School,Christchurch
Haeata Community Campus,Christchurch
Te Tipu Whenua o Pa Harakeke,Hastings
Te Pa o Rakaihautu,Christchurch
ACG Tauranga,Tauranga
Rototuna Junior High School,Hamilton
Ormiston Junior College,Auckland
Rolleston Christian School,Rolleston
Middle School West Auckland,Auckland
Pacific Advance Senior School,Auckland
Te Kapehu Whetu - Teina,Whangarei
Te Kura Maori o Waatea,Auckland
Whakatane Teen Parent Unit,Whakatane
Te Kura Kaupapa Maori o Te Orini ki Ngati Awa,Whakatane
Meraki Montessori School,Silverdale
Northland College Teen Parent Unit,Kaikohe
Porangahau School,Porangahau
Te Kura Kaupapa Maori o Horouta Wananga,Gisborne
St Francis of Assisi Catholic School,Christchurch
Manukura,Palmerston North
Te Kura o Te Whanau-a-Apanui,Omaio
Holy Trinity Catholic Primary School,Auckland
Iqra Elementary,Auckland
Te Aratika Academy,Mangateretere
Te Kopuku High,Hamilton
Summit Point School,Auckland
The Deep Green Bush School,Auckland
Waiheke Island Steiner School,Waiheke Island
Peace Experiment,Auckland
ADDI Enrichment Academy,Taupo
Ahipara School,Ahipara
Aranga School,Dargaville
Arapohue School,Dargaville
Awanui School,Awanui
Blomfield Special School and Resource Ctre,Whangarei
Dargaville Intermediate,Dargaville
Dargaville Primary School,Dargaville
Glenbervie School,Glenbervie
Herekino School,Herekino
Hikurangi School,Hikurangi
Hora Hora School (Te Mai),Whangarei
Horeke School,Okaihau
Hukerenui School Years 1-8,Whangarei
Hurupaki School,Whangarei
Kaeo School,Kaeo
Kaihu Valley School,Dargaville
Kaikohe East School,Kaikohe
Kaikohe Intermediate,Kaikohe
Kaikohe West School,Kaikohe
Kaingaroa School (Kaitaia),Kaitaia
Kaitaia Intermediate,Kaitaia
Kaitaia School,Kaitaia
Kaiwaka School,Kaiwaka
Totara Grove School,Whangarei
Kamo Intermediate,Whangarei
Kamo School,Whangarei
Karetu School,Kawakawa
Kaurihohore School,Kauri
Kawakawa Primary School,Kawakawa
Kerikeri Primary School,Kerikeri
Kohukohu School,Kohukohu
Kokopu School,Whangarei
Mangamuka School,Okaihau
Mangawhai Beach School,Mangawhai
Mangonui School,Mangonui
Matakohe School,Matakohe
Matarau School,Whangarei
Matauri Bay School,Matauri Bay
Matihetihe School,Kohukohu
Maungakaramea School,Maungakaramea
Maungatapere School,Maungatapere
Maungaturoto School,Maungaturoto
Maunu School,Whangarei
Morningside School,Whangarei
Motatau School,Motatau
Ngataki School,Kaitaia
Ngunguru School,Ngunguru
Ohaeawai School,Kaikohe
Okaihau Primary School,Okaihau
Omanaia School,Kaikohe
One Tree Point School,One Tree Point
Onerahi School,Whangarei
Opua School,Opua
Oromahoe School,Kaikohe
Oruaiti School,Mangonui
Otaika Valley School,Whangarei
Te Kura o Otangarei,Whangarei
Oturu School,Kaitaia
Paihia School,Paihia
Pakaraka School,Kaikohe
Pakiri School,Wellsford
Pakotai School,Whangarei
Pamapuria School,Kaitaia
Paparoa School,Paparoa
Paparore School,Awanui
Parua Bay School,Whangarei
Peria School,Kaitaia
Pompallier Catholic School,Kaitaia
Poroti School,Whangarei
Portland School,Whangarei
Pouto School,Te Kopuru
Pukenui School (Kaitaia),Pukenui
Pukepoto School,Pukepoto
Purua School,Whangarei
Raurimu Avenue School,Whangarei
Rawene School,Rawene
Ruakaka School,Ruakaka
Ruawai Primary School,Ruawai
Russell School (Bay Of Islands),Russell
Selwyn Park School,Dargaville
St Joseph's Catholic School (Dargaville),Dargaville
Te Kura o Hato Hohepa Te Kamura,Kaeo
Te Kura o Hata Maria (Pawarenga),Broadwood
Tangiteroria School,Tangiteroria
Tangowahine School,Dargaville
Tapora School,Tapora
Tauhoa School,Warkworth
Te Hapua School,Kaitaia
Te Horo School (Whangarei),Whangarei
Te Kopuru School,Te Kopuru
Bay of Islands International Academy,Purerua
Tikipunga Primary School,Whangarei
Tinopai School,Matakohe
Tomarata School,Wellsford
Totara North School,Totara North
Umawera School,Umawera
Waiharara School,Northland
Waima School,Kaikohe
Waiotira School,Northland
Waipu School,Waipu
Wellsford School,Wellsford
Whananaki School,Whananaki
Whangarei Heads School,Whangarei Heads
Whangarei Intermediate,Whangarei
Whangarei School,Whangarei
Whau Valley School,Whangarei
Living Way Christian School,Wellsford
Christian Renewal School,Whangarei
Lake Taupo Christian School,Taupo
TKKM o Takapau,Takapau
TKKM o Nga Mokopuna,Wellington
Te Rangi Aniwaniwa,Awanui
Nelson Christian Academy,Nelson
Sonrise Christian School,Gisborne
TKKM o Te Puaha o Waikato,Port Waikato
TKKM o Te Koutu,Rotorua
TKKM o Te Rawhiti Roa,Whangarei
Horizon School,Snells Beach
Everglade School,Auckland
TKKM o Ruamata,Rotorua
Wanaka Primary School,Wanaka
Emmanuel Christian School,Christchurch
Paeroa Christian School,Paeroa
Whakatane S D A School,Whakatane
Cornerstone Christian School,Palmerston North
Kaikohe Christian School,Kaikohe
Te Huruhi School,Waiheke Island
Tasman Bay Christian School,Tasman
Maranatha Christian School,Lower Hutt
Hawera Christian School,Hawera
Matahui School,Katikati
Matamata Christian School,Matamata
Tauranga Waldorf School,Tauranga
Wa Ora Montessori School,Lower Hutt
Elim Christian College,Auckland
Dunedin Rudolf Steiner School,Dunedin
Red Beach School,Red Beach
Adventure School,Porirua
Ahuroa School,Ahuroa
Aka Aka School,Waiuku
Albany School,Auckland
Alfriston School,Auckland
Anchorage Park School,Auckland
Arahoe School,Waitakere
Ararimu School,Drury
Ardmore School,Papakura
Arohanui Special School,Auckland
Northern Health School,Auckland
Auckland Normal Intermediate,Auckland
Avondale Intermediate,Auckland
Avondale Primary School (Auckland),Auckland
Awhitu District School,Waiuku
Sir Douglas Bader Intermediate School,Auckland
Bailey Road School,Auckland
Sir Edmund Hillary Collegiate Middle School,Auckland
Bairds Mainfreight Primary School,Auckland
Balmoral School (Auckland),Auckland
Bayfield School,Auckland
Bayswater School,Auckland
Bayview School,Auckland
Beach Haven School,Auckland
Beachlands School,Auckland
Belmont Intermediate,Auckland
Belmont School (Auckland),Auckland
Birdwood School,Auckland
Birkdale Intermediate,Auckland
Birkdale North School,Auckland
Birkdale Primary School,Auckland
Birkenhead School,Auckland
Blockhouse Bay Intermediate,Auckland
Blockhouse Bay School,Auckland
Bombay School,Bombay
Botany Downs School,Auckland
Brookby School,Auckland
Browns Bay School,Auckland
Bruce McLaren Intermediate,Auckland
Buckland School,Buckland-Auckland
Bucklands Beach Intermediate,Auckland
Bucklands Beach Primary School,Auckland
Campbells Bay School,Auckland
Chaucer School,Auckland
Chelsea School,Auckland
Christ the King Catholic School (Owairaka),Auckland
Churchill Park School,Auckland
Clayton Park School,Auckland
Clendon Park School,Auckland
Clevedon School,Papakura
Sir Edmund Hillary Collegiate Junior School,Auckland
Coatesville School,Auckland
Cockle Bay School,Auckland
Colwill School,Auckland
Conifer Grove School,Auckland
Cornwall Park District School,Auckland
Cosgrove School,Papakura
Dairy Flat School,Auckland
Dawson School,Auckland
Devonport Primary School,Auckland
Dominion Road School,Auckland
Don Buck School,Auckland
Drury School,Drury
East Tamaki School,Auckland
Edendale School (Auckland),Auckland
Edmonton School,Auckland
Edmund Hillary School,Papakura
Ellerslie School,Auckland
Elm Park School,Auckland
Epsom Normal School,Auckland
Fairburn School,Auckland
Farm Cove Intermediate,Auckland
Favona School,Auckland
Ferguson Intermediate (Otara),Auckland
Finlayson Park School,Auckland
Flanshaw Road School,Auckland
Flat Bush School,Auckland
Forrest Hill School,Auckland
Freemans Bay School,Auckland
Freyberg Community School,Auckland
Fruitvale Road School,Auckland
Gladstone School (Auckland),Auckland
Glamorgan School,Auckland
Glen Eden Intermediate,Auckland
Glen Eden School,Auckland
Glen Innes School,Auckland
Glen Taylor School,Auckland
Glenavon School,Auckland
Glenbrae Primary School,Auckland
Glenbrook School,Waiuku
Glendene School,Auckland
Glendowie School,Auckland
Glenfield Intermediate,Auckland
Glenfield Primary School,Auckland
Good Shepherd School (Balmoral),Auckland
Green Bay Primary School,Auckland
Greenhithe School,Auckland
Greenmeadows Intermediate,Auckland
Grey Lynn School,Auckland
Halsey Drive School,Auckland
Harrisville School,Tuakau
Hauraki School,Auckland
Hay Park School,Auckland
Helensville School,Helensville
Henderson Intermediate,Waitakere
Henderson North School,Auckland
Henderson School,Auckland
Henderson South School,Auckland
Henderson Valley School,Auckland
Hillpark School,Auckland
Hillsborough School,Auckland
Hobsonville School,Auckland
Holy Cross School (Papatoetoe),Auckland
Holy Cross Catholic School (Henderson),Auckland
Homai School,Auckland
Howick Intermediate,Auckland
Howick Primary School,Auckland
Huapai District School,Huapai
Hunua School,Papakura
Jean Batten School,Auckland
Kaiaua School,Pokeno
Kaipara Flats School,Warkworth
Karaka School,Papakura
Kaukapakapa School,Kaukapakapa
Kauri Park School,Auckland
Kaurilands School,Auckland
Kedgley Intermediate,Auckland
Kelston Intermediate,Auckland
Kelston School,Auckland
Kelvin Road School,Papakura
Kingsford School,Auckland
Kohimarama School,Auckland
Konini School (Auckland),Auckland
Koru School,Auckland
Kowhai Intermediate,Auckland
Laingholm School,Auckland
Leabank School,Auckland
Leigh School,Warkworth
Lincoln Heights School,Auckland
Long Bay School,Auckland
Mairangi Bay School,Auckland
Mangatangi School,Mangatangi
Mangatawhiri School,Pokeno
Mangere Bridge School,Auckland
Mangere Central School,Auckland
Mangere East School,Auckland
Manuka Primary School,Auckland
Royal Oak Intermediate School,Auckland
Manurewa East School,Auckland
Manurewa Intermediate,Auckland
Manurewa Central School,Auckland
Manurewa South School,Auckland
Manurewa West School,Auckland
Maraetai Beach School,Maraetai Beach
Maramarua School,Maramarua
Marist School (Mt Albert),Auckland
Marist Catholic School (Herne Bay),Auckland
Marlborough School,Auckland
Marshall Laing School,Auckland
Massey Primary School,Auckland
Matakana School,Warkworth
Matipo Road School,Auckland
Mauku School,Mauku
Maungawhau School,Auckland
May Road School,Auckland
Mayfield School (Auckland),Auckland
Meadowbank School,Auckland
Mellons Bay School,Auckland
Mercer School,Mercer
Meremere School,Meremere
Milford School (Auckland),Auckland
Monte Cecilia School (Mt Roskill),Auckland
Mt Eden Normal School,Auckland
Mt Richmond School,Auckland
Mountain View School,Auckland
Mt Albert School,Auckland
Mt Carmel School (Meadowbank),Auckland
Mt Roskill Intermediate,Auckland
Mt Roskill Primary School,Auckland
Mulberry Grove School,Tryphena
Murrays Bay Intermediate,Auckland
Murrays Bay School,Auckland
Macleans Primary School,Auckland
New Lynn School,Auckland
New Windsor School,Auckland
Newmarket School,Auckland
Newton Central School,Auckland
Nga Iwi School,Auckland
Northcote Intermediate,Auckland
Northcote School (Auckland),Auckland
Northcross Intermediate,Auckland
Oaklynn Special School,Auckland
Okiwi School,Okiwi
Onehunga Primary School,Auckland
Onepoto School,Auckland
Opaheke School,Papakura
Orakei School,Auckland
Oranga School,Auckland
Oratia School,Auckland
Orere School,Papakura
Orewa North School,Orewa
Orewa School,Orewa
Otahuhu Intermediate,Auckland
Otahuhu School,Auckland
Otaua School,Waiuku
Our Lady Sacred Heart School (Epsom),Auckland
Owairaka District School,Auckland
Owairoa Primary School,Auckland
Paerata School,Pukekohe
Pakuranga Heights School,Auckland
Pakuranga Intermediate,Auckland
Panama Road School,Auckland
Panmure Bridge School,Auckland
Panmure District School,Auckland
Papakura Central School,Papakura
Papakura Intermediate,Papakura
Papakura Normal School,Papakura
Kereru Park Campus,Papakura
Paparimu School,Papakura
Papatoetoe Central School,Auckland
Papatoetoe East School,Auckland
Papatoetoe Intermediate,Auckland
Papatoetoe North School,Auckland
Papatoetoe South School,Auckland
Papatoetoe West School,Auckland
Parakai School,Parakai
Ridgeview School,Auckland
Park Estate School,Papakura
Parkside School,Pukekohe
Parnell School,Auckland
Pasadena Intermediate,Auckland
Patumahoe Primary School,Patumahoe
Pigeon Mountain School,Auckland
Pt Chevalier School,Auckland
Pt England School,Auckland
Pokeno School,Pokeno
Pomaria Road School,Auckland
Ponsonby Intermediate,Auckland
Ponsonby Primary School,Auckland
Prospect School,Auckland
Puhinui School,Auckland
Pukekawa School,Tuakau
Pukekohe East School,Pukekohe
Pukekohe Hill School,Pukekohe
Pukekohe Intermediate,Pukekohe
Pukekohe North School,Pukekohe
Pukeoware School,Waiuku
Puni School,Pukekohe
Ramarama School,Drury
Rangeview Intermediate,Auckland
Ranui School,Auckland
Redhill School,Papakura
Redoubt North School,Auckland
Remuera Intermediate,Auckland
Remuera School,Auckland
Richmond Road School,Auckland
Riverhead School,Riverhead
Riverhills School,Auckland
Riverina School,Auckland
Robertson Road School,Auckland
Rongomai School,Auckland
Roscommon School,Auckland
Rosebank School (Auckland),Auckland
Rosehill School,Papakura
Rosehill Intermediate,Papakura
Rowandale School,Auckland
Royal Oak School,Auckland
Royal Road School,Auckland
Ruapotaka School,Auckland
Rutherford School,Auckland
Sandspit Road School,Waiuku
Shelly Park School,Auckland
Sherwood School (Auckland),Auckland
Silverdale School,Silverdale
Sir Keith Park School,Auckland
Sommerville School,Auckland
St Anne's Catholic School (Manurewa),Auckland
St Dominic's Catholic School (Blockhouse Bay),Auckland
St Francis Catholic School (Pt Chevalier),Auckland
St Heliers School,Auckland
St Ignatius Catholic School (St Heliers),Auckland
St John the Evangelist Catholic School,Auckland
St John's School (Mairangi Bay),Auckland
St Joseph's School (Grey Lynn),Auckland
St Joseph's School (Onehunga),Auckland
St Joseph's School (Orakei),Auckland
St Joseph's School (Otahuhu),Auckland
St Joseph's School (Pukekohe),Pukekohe
St Joseph's Catholic School (Takapuna),Auckland
St Leonards Road School,Auckland
St Leo's Catholic School (Devonport),Auckland
St Mark's School (Pakuranga),Auckland
St Mary's Catholic School (Papakura),Papakura
St Mary's School (Avondale),Auckland
St Mary's School (Ellerslie),Auckland
St Mary's School (Northcote),Auckland
St Michael's Catholic School (Remuera),Auckland
St Patrick's School (Panmure),Auckland
St Pius X Catholic School (Glen Innes),Auckland
St Therese School (Three Kings),Auckland
St Thomas School (Auckland),Auckland
Stanhope Road School,Auckland
Stanley Bay School,Auckland
Stanmore Bay School,Whangaparaoa
Our Lady Star of the Sea School (Howick),Auckland
Sunnyhills School,Auckland
Sunnybrae Normal School,Auckland
Sunnydene Special School,Auckland
Sunnynook School,Auckland
Sunnyvale School,Auckland
Sutton Park School,Auckland
Swanson School,Swanson
Sylvia Park School,Auckland
Takanini School,Auckland
Takapuna Normal Intermediate,Auckland
Takapuna School,Auckland
Tamaki School,Auckland
Target Road School,North Shore
Taupaki School,Auckland
Te Atatu Intermediate,Auckland
Peninsula Primary School,Auckland
Te Hihi School,Papakura
Te Kohanga School,Tuakau
Te Papapa School,Auckland
Three Kings School,Auckland
Tirimoana School,Auckland
Titirangi School,Auckland
Torbay School,Auckland
Tuakau School,Tuakau
Valley School,Pukekohe
Vauxhall School,Auckland
Verran Primary School,Auckland
Victoria Avenue School,Auckland
View Road School,Waiuku
Viscount School,Auckland
Waiau Pa School,Pukekohe
Waikowhai Intermediate,Auckland
Waikowhai School,Auckland
Waimauku School,Waimauku
Wainui School,Wainui
Waioneke School,Helensville
Waipipi School,Waiuku
Wairau Intermediate,Auckland
Wairau Valley Special School,Auckland
Waitakere School,Auckland
Waitoki School,Kaukapakapa
Waiuku Primary School,Waiuku
Wakaaranga School,Auckland
Warkworth School,Warkworth
Waterlea Public School,Auckland
Waterview School,Auckland
Wesley Intermediate,Auckland
Wesley School,Auckland
West Harbour School,Auckland
Western Heights School (Auckland),Auckland
Westmere School (Auckland),Auckland
Waimahia Intermediate School,Auckland
Weymouth School,Auckland
Whangaparaoa School (Auckland),Whangaparaoa
Whenuapai School,Auckland
Willow Park School,Auckland
Wilson School,Auckland
Windy Ridge School,Auckland
Wiri Central School,Auckland
Woodhill School,Helensville
Woodlands Park School,Auckland
Wymondley Road School,Auckland
Yendarra School,Auckland
Chapel Downs School,Auckland
Nova Montessori School,Christchurch
TKKM o Te Raki Paewhenua,Auckland
St Anthony's School (Wanganui),Whanganui
Gloriavale Christian Community School,Greymouth
St Francis Xavier Catholic School (Whangarei),Whangarei
TKKM o Toku Mapihi Maurea,Hamilton
Marina View School,Auckland
Kaitoke School (Claris),Great Barrier Island
Riverview School,Kerikeri
Titirangi Rudolf Steiner School,Auckland
ACG Senior College,Auckland
ACG New Zealand International College,Auckland
Bishop Edward Gaines Catholic School,Tokoroa
St Matthew's Primary School (Hastings),Hastings
Timaru Christian School,Timaru
Te Ra School,Kapiti Coast
TKKM o Ngati Kahungunu o Te Wairoa,Wairoa
TKKM o Ngati Rangi,Ohakune
TKKM o Te Whanau Tahi,Christchurch
Te Kura Akonga O Manurewa,Auckland
Ascot Community School,Invercargill
St Paul's School (Richmond),Nelson
Central Regional Health School,Wellington
Southern Health School,Christchurch
St Mary MacKillop Catholic School,Auckland
Te Kura Maori o Porirua,Porirua
St Thomas More Catholic School,Mount Maunganui
Amana Christian School,Mosgiel
St Paul's School (Massey),Auckland
Te Kura o Torere,Opotiki
Wainuiomata Intermediate,Lower Hutt
Konini Primary School (Wainuiomata),Lower Hutt
Manaia View School,Whangarei
Drummond Primary School,Drummond
TKKM o Wairarapa,Masterton
Motueka Rudolf Steiner School,Motueka
Destiny School,Auckland
Silverstream (South) Primary School,Mosgiel
Putaruru Primary School,Putaruru
Lakeview School,Masterton
Masterton Primary School,Masterton
Douglas Park School,Masterton
Huia Range School,Dannevirke
Stella Maris Primary School,Silverdale
Te Kura o Waikare,Kawakawa
Whangaruru School,Hikurangi
Wairoa Primary School,Wairoa
Tiaho Primary School,Wairoa
TKKM o Te Ara Whanui,Lower Hutt
TKKM o Nga Uri A Maui,Gisborne
TKKM o Te Waiu o Ngati Porou,Ruatoria
TKKM o Te Wananga Whare Tapere o Takitimu,Hastings
Ruakituri School,Wairoa
Te Mahia School,Nuhaka
Mohaka School,Mohaka
Te Kura o Waikaremoana,Tuai
Rahotu School,Rahotu
Aberdeen School,Hamilton
Allandale School,Whakatane
Amisfield School,Tokoroa
Aorangi School (Rotorua),Rotorua
Apanui School,Whakatane
Arataki School,Mount Maunganui
Aria School,Aria
Arohena School,Te Awamutu
Ashbrook School,Opotiki
Awakeri School,Whakatane
Bankwood School,Hamilton
Bellevue School (Tauranga),Tauranga
Berkley Normal Middle School,Hamilton
TKKM o Bernard Fergusson,Ngaruawahia
Bethlehem School,Tauranga
Broadlands School,Reporoa
Brookfield School,Tauranga
Cambridge East School,Cambridge
Cambridge Middle School,Cambridge
Cambridge School,Cambridge
Cargill Open Plan School,Tokoroa
Centennial Park School,Te Kuiti
Colville School,Colville
Coroglen School,Whitianga
David Henry School,Tokoroa
David Street School,Morrinsville
Deanwell School,Hamilton
Edgecumbe School,Edgecumbe
Elstow-Waihou Combined School,Te Aroha
Fairfield Intermediate,Hamilton
Fairfield Primary School,Hamilton
Fairhaven School,Te Puke
TKKM o Te Ara Rima,Hamilton
Firth School,Matamata
Forest Lake School,Hamilton
Frankton School,Hamilton
Galatea School,Murupara
Glen Massey School,Ngaruawahia
Glenholme School,Rotorua
Glenview School (Hamilton),Hamilton
Goldfields School (Paeroa),Paeroa
Goodwood School,Cambridge
Gordonton School,Hamilton
Greenpark School (Tauranga),Tauranga
Greerton Village School,Tauranga
Hamilton East School,Hamilton
Hamilton North School,Hamilton
Hamilton West School,Hamilton
Hautapu School,Cambridge
Hauturu School,Oparau
Hikuai School,Hikuai
Hikutaia School,Paeroa
Hillcrest Normal School,Hamilton
Hilltop School,Taupo
Hinuera School,Hinuera
Horahora School (Cambridge),Cambridge
Horohoro School,Rotorua
Horotiu School,Hamilton
Horsham Downs School,Horsham Downs
TKKM o Huiarau,Ruatahuna
Hukanui School,Hamilton
St Patrick's Catholic School (Taupo),Taupo
Huntly School (Waikato),Huntly
Huntly West School,Huntly
Insoll Avenue School,Hamilton
Rangitaiki School,Rangitaiki
James Street School,Whakatane
Kaharoa School,Rotorua
Kaihere School,Morrinsville
Kaimai School,Tauranga
Kaingaroa Forest School,Kaingaroa Forest
Kaipaki School,Ohaupo
Kaitao Intermediate,Rotorua
Tauranga Special School,Tauranga
Karangahake School,Karangahake
Karapiro School,Cambridge
Katikati Primary School,Katikati
Kawaha Point School,Rotorua
Kawerau South School,Kawerau
Kawhia School,Kawhia
Kea Street Specialist School,Rotorua
TKKM o Harataunga,Kennedy Bay
Kerepehi School,Kerepehi
Kihikihi School,Kihikihi
Kimihia School,Huntly
Kinohaku School,Taharoa
Kio Kio School,Otorohanga
Kiwitahi School,Kiwitahi
Knighton Normal School,Hamilton
Kopuarahi School,Thames
Korakonui School,Te Awamutu
Koromatua School,Hamilton
Kuratau School,Turangi
Kutarere School,Opotiki
Lake Rerewhakaaitu School,Rotorua
Lake Rotoma School,Lake Rotoma
Leamington School,Cambridge
Lichfield School,Putaruru
Lynmore Primary School,Rotorua
Maeroa Intermediate,Hamilton
Maihiihi School,Maihiihi
Maketu School,Maketu
Malfroy School,Rotorua
Mamaku School,Mamaku
Te Wharekura o Manaia,Coromandel
Manawaru School,Te Aroha
Mapiu School,Te Kuiti
Te Kura Mana Maori Maraenui,Opotiki
Marotiri School,Mangakino
Te Kura Mana Maori o Matahi,Matahi
Te Kura o Te Moutere O Matakana,Tauranga
Matamata Intermediate,Matamata
Matamata Primary School,Matamata
Matangi School,Matangi
Te Kura o Matapihi,Tauranga
Matata School,Matata
Matatoki School,Thames
Matua School,Tauranga
Maungatapu School,Tauranga
Melville Intermediate,Hamilton
Melville Primary School,Hamilton
Merivale School,Tauranga
Mihi School,Reporoa
Miller Avenue School,Paeroa
Moanataiari School,Thames
Mokoia Intermediate,Rotorua
Morrinsville Intermediate,Morrinsville
Morrinsville School,Morrinsville
Motumaoho School,Morrinsville
Mountview School,Taupo
Mt Maunganui Intermediate,Mount Maunganui
Mt Maunganui School,Mount Maunganui
Nawton School,Hamilton
Netherton School,Paeroa
Newstead Model School,Newstead
Ngahinapouri School,Ngahinapouri
Ngakonui Valley School,Taumarunui
Ngakuru School,Rotorua
Te Kura o Ngapuke,Taumarunui
Ngaruawahia School,Ngaruawahia
Ngatea School,Ngatea
Ngati Haua School,Cambridge
Ngongotaha School,Rotorua
Ngutunui School,Pirongia
Nukuhou North School,Whakatane
Ohaupo School,Ohaupo
Ohinewai School,Huntly
Ohope Beach School,Ohope Beach
Kuranui Primary School,Tirau
Omanu School,Mount Maunganui
Omarumutu School,Opotiki
Omokoroa Point School,Omokoroa
Omokoroa School,Whakamarama
Te Wharekura o Maniapoto,Te Kuiti
Opotiki School,Opotiki
Opoutere School,Whangamata
Orini Combined School,Taupiri
Oropi School,Tauranga
Otakiri School,Whakatane
Otamarakau School,Te Puke
TKKM o Otepou,Tauranga
Otewa School,Otorohanga
Otonga Road School,Rotorua
Otorohanga School,Otorohanga
Otorohanga South School,Otorohanga
Otumoetai Intermediate,Tauranga
Otumoetai Primary School,Tauranga
St Mary's Catholic School (Otorohanga),Otorohanga
Owhata School,Rotorua
Paengaroa School,Paengaroa
Paeroa Central School,Paeroa
Pahoia School,Tauranga
Papamoa Primary School,Papamoa
Parawai School,Thames
Te Kura o Te Paroa,Whakatane
Paterangi School,Ohaupo
Patricia Avenue School,Hamilton
Peachgrove Intermediate,Hamilton
Pekerau School,Te Awamutu
Pillans Point School,Tauranga
Piopio Primary School,Piopio
Piripiri School,Te Kuiti
Pirongia School,Pirongia
Pokuru School,Pokuru
Pongakawa School,Te Puke
Puahue School,Te Awamutu
Pukeatua School,Pukeatua
Pukehina School,Pukehina
Pukemiro School,Huntly
Pukenui School (Te Kuiti),Te Kuiti
Puketaha School,Hamilton
Pukete School,Hamilton
Puriri School,Thames
Te Puru School,Te Puru
Pyes Pa Road School,Pyes Pa
Te Wharekura o Rakaumangamanga,Huntly
Te Kura o Rangiriri,Rangiriri
Rangitoto School,Rangitoto
Rangiuru School,Te Puke
Reporoa School,Reporoa
Rhode Street School,Hamilton
Roto-O-Rangi School,Cambridge
TKKM o Rotoiti,Rotorua
Rotokauri School,Hamilton
Rotokawa School,Rotorua
Rotorua Intermediate,Rotorua
Rotorua School,Rotorua
Ficino School,Auckland
Ruawaro Combined School,Huntly
Rukuhia School,Ohaupo
Selwyn School,Rotorua
Silverdale Normal School,Hamilton
Springdale School,Waitoa
Hamilton Junior High School,Hamilton
St Anthony's Catholic School (Huntly),Huntly
St Columba's Catholic School (Frankton),Hamilton
St Francis School (Thames),Thames
St Joseph's Catholic School (Fairfield),Hamilton
St Joseph's Catholic School (Matamata),Matamata
St Joseph's Catholic School (Matata),Matata
St Joseph's Catholic Sch (Morrinsville),Morrinsville
St Joseph's Catholic School (Opotiki),Opotiki
St Joseph's Catholic School (Paeroa),Paeroa
St Joseph's Catholic School (Te Aroha),Te Aroha
St Joseph's Catholic School (Te Kuiti),Te Kuiti
St Joseph's Catholic School (Waihi),Waihi
St Joseph's Catholic School (Whakatane),Whakatane
St Mary's Catholic School (Putaruru),Putaruru
St Mary's Catholic School (Rotorua),Rotorua
St Mary's Catholic School (Tauranga),Tauranga
St Michael's Catholic School (Rotorua),Rotorua
St Patrick's Catholic Sch (Taumarunui),Taumarunui
St Patrick's Catholic Sch (Te Awamutu),Te Awamutu
St Paul's Catholic School (Ngaruawahia),Ngaruawahia
St Peter Chanel Catholic Sch (Te Rapa),Hamilton
St Peter's Catholic School (Cambridge),Cambridge
St Pius X Catholic School (Melville),Hamilton
Stanley Avenue School,Te Aroha
Strathmore School,Tokoroa
Sunset Primary School,Rotorua
Te Kura o Tahaaroa,Te Kuiti
Tahuna School,Tahuna
Tainui Full Primary School,Tokoroa
Tairua School,Tairua
Tamahere Model Country School,Hamilton
Taneatua School,Taneatua
Tapu School,Thames
Tarrangower School,Taumarunui
Tatuanui School,Tatuanui
Tauhara School,Taupo
Tauhei Combined School,Tauhei
Taumarunui Primary School,Taumarunui
Taupiri School,Taupiri
Taupo Intermediate,Taupo
Taupo School,Taupo
Tauranga Intermediate,Tauranga
Tauranga Primary School,Tauranga
Gate Pa School,Tauranga
Tauriko School,Tauranga
Tauwhare School,Hamilton
Tawera Bilingual School,Whakatane
Te Akau School,Te Akau
Te Aroha Primary School,Te Aroha
Te Awamutu Intermediate,Te Awamutu
Te Awamutu Primary School,Te Awamutu
Te Kauwhata Primary School,Te Kauwhata
Te Kowhai School,Te Kowhai
Te Kuiti Primary School,Te Kuiti
Te Mahoe School,Whakatane
Te Mata School (Raglan),Raglan
TKKM o Te Matai,Te Puke
Te Miro School,Cambridge
Te Pahu School,Hamilton
Te Poi School,Matamata
Te Puke Intermediate,Te Puke
Te Puke Primary School,Te Puke
Te Puna School,Te Puna
Te Ranga School,Te Puke
Te Rapa School,Hamilton
Te Rerenga School,Te Rerenga
Te Kura o Te Teko,Te Teko
Te Uku School,Te Uku
Te Waotu School,Putaruru
Thames South School,Thames
Thornton School,Whakatane
Tirau Primary School,Tirau
Tirohanga School,Atiamuri
Tirohia School,Tirohia
Tokoroa Central School,Tokoroa
Tokoroa Intermediate,Tokoroa
Tokoroa North School,Tokoroa
Turaki School,Taumarunui
Turua Primary School,Thames
Upper Atiamuri School,Atiamuri
Vardon School,Hamilton
Waerenga School,Te Kauwhata
Te Kura o Waharoa,Waharoa
Waihi Beach School,Waihi Beach
Waihi East School,Waihi
Waihi Central School,Waihi
Waikaretu School,Tuakau
Waikino School,Waikino
Waikite Valley School,Rotorua
Waimana School,Waimana
Waimata School,Waihi
Waingaro School,Ngaruawahia
TKKM o Waioweka,Opotiki
Te Kura Maori-a-Rohe o Waiohau,Whakatane
Waiotahe Valley School,Opotiki
Waipa School,Ngaruawahia
Waipahihi School,Taupo
Wairakei School,Taupo
Te Kura o Waitahanui,Taupo
Waitakaruru School,Waitakaruru
Waitetuna School,Raglan
Waitomo Caves School,Waitomo Caves
Walton School,Walton
Wairere School,Waharoa
Welcome Bay School,Tauranga
Westbrook School,Rotorua
Western Heights Primary School (Rotorua),Rotorua
Whakamarama School,Whakamarama
Whakamaru School,Mangakino
Whakarewarewa School,Rotorua
Whakatane Intermediate,Whakatane
Whangamarino School,Okere Falls
Te Kura Mana Maori o Whangaparaoa,Opotiki
ACG Parnell College,Auckland
Wharepapa South School,Te Awamutu
Whatawhata School,Hamilton
Whenuakite School,Whitianga
Whitikahu School,Taupiri
Whitiora School,Hamilton
Woodlands School (Opotiki),Opotiki
Woodstock School,Hamilton
Marian Catholic School (Hamilton),Hamilton
Kaponga School,Kaponga
Crawshaw School,Hamilton
Manaia School (Taranaki),Manaia
Matapu School,Hawera
Trentham School,Upper Hutt
Koraunui School,Lower Hutt
Tautoro School,Kaikohe
Maromaku School,Kawakawa
Moerewa School,Moerewa
TKKM o Taumarere,Moerewa
Awahono School - Grey Valley,Ahaura
Paparoa Range School,Dobson
Geraldine Primary School,Geraldine
Winchester Rural School,Winchester
Temuka Primary School,Temuka
Oceanview Heights School,Timaru
Grantlea Downs School,Timaru
Barton Rural School,Timaru
Bluestone School,Timaru
Beaconsfield School,Timaru
Timaru South School,Timaru
New River Primary,Invercargill
Fernworth Primary School,Invercargill
Newfield Park School,Invercargill
Donovan Primary School,Invercargill
Bluff School,Bluff
Lake Brunner School,Moana
Jean Seabrook Memorial School,Christchurch
Ahititi School,Urenui
Auroa School,Hawera
Avon School,Stratford
Bell Block School,New Plymouth
Central School,New Plymouth
Devon Intermediate,New Plymouth
Egmont Village School,Inglewood
Eltham School,Eltham
Fitzroy School,New Plymouth
Frankley School,New Plymouth
Hawera Intermediate,Hawera
Hawera Primary School,Hawera
Highlands Intermediate,New Plymouth
Huiakama School,Stratford
Huirangi School,Huirangi
Inglewood School,Inglewood
Kaimata School,Inglewood
Lepperton School,New Plymouth
Makahu School,Stratford
Mangorei School,New Plymouth
Manukorihi Intermediate,Waitara
Marco School,Stratford
Marfell School,New Plymouth
Matiere School,Matiere
Merrilands School,New Plymouth
Midhirst School,Stratford
Mimi School,Urenui
Mokau School,Mokau
Mokoia School,Hawera
Moturoa School,New Plymouth
Ngaere School,Stratford
Norfolk School,Inglewood
Normanby School,Normanby
Oakura School,New Plymouth
Omata School,New Plymouth
Ongarue School,Ongarue
Opunake School,Opunake
Pembroke School,Stratford
Puketapu School (New Plymouth),New Plymouth
Ramanui School,Hawera
Ratapiko School,Ratapiko
Rawhitiroa School,Eltham
Spotswood Primary School,New Plymouth
St John Bosco School (New Plymouth),New Plymouth
St Joseph's School (Hawera),Hawera
St Joseph's School (New Plymouth),New Plymouth
St Joseph's School (Opunake),Opunake
St Joseph's School (Stratford),Stratford
St Joseph's School (Waitara),Waitara
St Patrick's School (Kaponga),Kaponga
St Patrick's School (Inglewood),Inglewood
St Pius X School (New Plymouth),New Plymouth
Stratford School,Stratford
Tawhiti School,Hawera
Tikorangi School,Waitara
Tokirima School,Taumarunui
Toko School,Stratford
Turuturu School,Hawera
Urenui School,New Plymouth
Uruti School,New Plymouth
Vogeltown School,New Plymouth
Waitara Central School,Waitara
Waitara East School,Waitara
Waitoriki School,Inglewood
Welbourn School,New Plymouth
West End Te Kura O Morere,New Plymouth
Westown School,New Plymouth
Whareorino School,North Taranaki
Woodleigh School,New Plymouth
Aberfeldy School,Whanganui
Aokautere School,Palmerston North
Apiti School,Apiti
Arahunga School,Whanganui
Aranui School (Wanganui),Whanganui
Ashhurst School,Ashhurst
Awahou School,Ashhurst
Awapuni School (P.North),Palmerston North
Bainesse School,Palmerston North
Brunswick School,Whanganui
Bulls School,Bulls
Bunnythorpe School,Bunnythorpe
Carlton School,Whanganui
Castlecliff School,Whanganui
Churton School,Whanganui
Clifton School (Bulls),Bulls
Cloverlea School,Palmerston North
TKKM o Otepoti,Dunedin
Coley Street School,Foxton
College Street Normal School,Palmerston North
Colyton School,Feilding
Durie Hill School,Whanganui
Feilding Intermediate,Feilding
Fordell School,Fordell
Foxton Beach School,Foxton Beach
Foxton School,Foxton
Glen Oroua School,Palmerston North
Gonville School,Whanganui
Halcombe Primary School,Feilding
Somerset Crescent School,Palmerston North
Hiwinui School,Palmerston North
Hokowhitu School,Palmerston North
Hunterville Consolidated School,Hunterville
James Cook School,Marton
Kai Iwi School,Whanganui
Kairanga School,Palmerston North
Kaitieke School,Owhango
Kaitoke School (Wanganui),Whanganui
Kakaramea School,Patea
Kakatahi School,Kakatahi
TKKM o Tupoho,Whanganui
Keith Street School,Whanganui
Kimbolton School,Kimbolton
Kiwitea School,Feilding
TKKM o Ngati Ruanui,Hawera
Te Kura o Kokohuia,Whanganui
Kopane School,Palmerston North
Linton Camp School,Linton Camp
Linton Country School,Palmerston North
Longburn School,Palmerston North
Lytton Street School,Feilding
Manchester Street School,Feilding
Mangamahu Primary School,Mangamahu
Mangaweka School,Mangaweka
Manunui School,Taumarunui
St Marcellin School (Wanganui),Whanganui
Marton Junction School,Marton
Marton School,Marton
Mataroa School,Taihape
Milson School,Palmerston North
Moawhango School,Moawhango
Monrad Intermediate,Palmerston North
Mosston School,Whanganui
Mount Biggs School,Feilding
National Park School,National Park
Newbury School,Palmerston North
Ngamatapouri School,Waitotara
North Street School,Feilding
Ohakune School,Ohakune
Okoia School,Whanganui
Orautoha School,Raetihi
Oroua Downs School,Foxton
Our Lady of Lourdes School (P North),Palmerston North
Owhango School,Owhango
Central Normal School,Palmerston North
Palmerston North Intermediate,Palmerston North
Papanui Junction School,Taihape
Parkland School (P North),Palmerston North
Pukeokahu School,Pukeokahu
Raetihi Primary School,Raetihi
Te Kura o Ratana,Ratana
Riverdale School (P North),Palmerston North
Rongotea School,Rongotea
Roslyn School,Palmerston North
Ross Intermediate,Palmerston North
Russell Street School,Palmerston North
Rutherford Junior High School,Whanganui
Sanson School,Sanson
TKKM o Ngati Kahungunu Ki Heretaunga,Hastings
South Makirikiri School,Marton
St Anne's School (Wanganui),Whanganui
St James School (P North),Palmerston North
St John's Hill School,Whanganui
St Joseph's School (Feilding),Feilding
St Joseph's School (Patea),Patea
St Joseph's School (Taihape),Taihape
St Mary's School (Wanganui),Whanganui
St Mary's School (Foxton),Foxton
St Matthew's School (Marton),Marton
St Mary's School (P North),Palmerston North
Takaro School,Palmerston North
Tangimoana School,Tangimoana
Taonui School,Feilding
Taoroa School,Taihape
Tawhero School,Whanganui
Terrace End School,Palmerston North
Tiritea School,Tiritea
Turakina School,Turakina
Upokongaro School,Whanganui
Waiouru School,Waiouru
Waitotara School,Waitotara
Waituna West School,Feilding
Whanganui East School,Whanganui
Whanganui Intermediate,Whanganui
Waverley Primary School,Waverley
West End School (P North),Palmerston North
Westmere School (Wanganui),Whanganui
Whakarongo School,Palmerston North
Whangaehu School,Whangaehu-Whanganui
Whenuakura School,Patea
Winchester School (P North),Palmerston North
Argyll East School,Otane
Arthur Miller School,Napier
Awapuni School (Gisborne),Gisborne
Bledisloe School,Napier
Bridge Pa School,Bridge Pa
Camberley School,Hastings
Clive School,Clive
Cobham School,Gisborne
Dannevirke South School,Dannevirke
Ebbett Park School,Hastings
Elgin School,Gisborne
Elsthorpe School,Elsthorpe
Eskdale School,Napier
Fairhaven School (Napier),Napier
Flaxmere Primary School,Hastings
Flemington School (Waipukurau),Waipukurau
Frasertown School,Wairoa
Frimley School,Hastings
Gisborne Central School,Gisborne
Gisborne Intermediate,Gisborne
Greenmeadows School,Napier
Hastings Central School,Hastings
Hastings Intermediate,Hastings
Haumoana School,Hastings
Havelock North Intermediate,Havelock North
Havelock North Primary School,Havelock North
Henry Hill School,Napier
Heretaunga Intermediate,Hastings
Hiruharama School,Ruatoria
Ilminster Intermediate,Gisborne
Irongate School,Hastings
Kaiti School,Gisborne
Kereru School,Hastings
Kotemaori School,Kotemaori
Kowhai School,Hastings
Lucknow School,Havelock North
Mahora School,Hastings
Makaraka School,Gisborne
Makarika School,Ruatoria
Makauri School,Gisborne
Mangapapa School,Gisborne
Mangateretere School,Whakatu
TKKM o Mangatuna,Gisborne
Manutuke School,Manutuke
Maraenui Bilingual School (Napier),Napier
Marewa School,Napier
Mata School,Tokomaru Bay
Matawai School,Matawai
Mayfair School,Hastings
Meeanee School,Napier
Motu School,Motu
Muriwai School,Gisborne
Napier Central School,Napier
Napier Intermediate,Napier
Nelson Park School,Napier
Ngatapa School,Gisborne
Norsewood and Districts School,Norsewood
Nuhaka School,Nuhaka
Ohuka School,Wairoa
Omahu School,Hastings
Omakere School,Waipawa
Onekawa School,Napier
Ongaonga School,Ongaonga
Ormond School,Gisborne
Otane School,Otane
Te Kura o Pakipaki,Pakipaki
Pakowhai School,Napier
Papatawa School,Woodville
Parkvale School,Hastings
Patoka School,Napier
Patutahi School,Gisborne
Peterhead School,Hastings
Porritt School,Napier
Port Ahuriri School,Napier
Potaka School,Hicks Bay
Poukawa School,Hastings
Pukehamoamoa School,Hastings
Pukehou School,Pukehou
Puketapu School (Hawkes Bay),Napier
Putere School,Wairoa
Putorino School,Putorino
TKKM o Tapere-Nui-A-Whatonga,Gisborne
Raureka School,Hastings
Reignier Catholic School,Napier
Rere School,Gisborne
Richmond School (Napier),Napier
Riverdale School (Gisborne),Gisborne
Riverslea School,Hastings
Ruahine School,Dannevirke
Sherenden and Districts School,Hastings
Sherwood School (Hawkes Bay),Takapau
St Joseph's School (Dannevirke),Dannevirke
St Joseph's School (Hastings),Hastings
St Joseph's School (Waipukurau),Waipukurau
St Joseph's School (Wairoa),Wairoa
St Mary's Catholic School (Gisborne),Gisborne
St Mary's School (Hastings),Hastings
Takapau School,Takapau
Tamatea Intermediate,Napier
Tamatea School,Napier
Taradale Intermediate,Napier
Taradale School,Napier
Te Awa School,Napier
Te Hapara School,Gisborne
Te Mata School (Havelock North),Havelock North
Te Pohue School,Te Pohue
Te Wharau School (Gisborne),Gisborne
The Terrace School (Waipukurau),Waipukurau
Tikitiki School,Gisborne
Tikokino School,Tikokino
Tiniroto School,Gisborne
Hatea-A-Rangi,Tokomaru Bay
Tutira School,Tutira
Twyford School,Hastings
Waerenga-O-Kuri School,Gisborne
Waikirikiri School,Gisborne
Waimarama School,Havelock North
Wainui Beach School,Wainui-Gisborne
Waipawa School,Waipawa
Waipukurau School,Waipukurau
Weber School,Dannevirke
Westshore School,Napier
Whangara School,Gisborne
Te Kura Kaupapa Maori o Whatatutu,Gisborne
Woodville School,Woodville
St Patrick's School (Napier),Napier
Kimi Ora Community School,Hastings
Hawke's Bay School for Teenage Parents,Napier
Karanga Mai Young Parents College,Kaiapoi
Te Whare Whai Hua Teenage Parent Centre,Gisborne
Wairarapa Teen Parent Unit,Masterton
Te Whakatipuranga (Otumoetai TPU),Windermere
He Huarahi Tamariki,Wellington
Rotorua School for Young Parents,Rotorua
Stratford High School Teen Parent Unit,Stratford
Titiro Whakamua,Upper Hutt
Whakatipuria Teen Parent Unit,Palmerston North
He Mataariki School for Teen Parents,Whangarei
Kawerau Teen Parent Unit,Kawerau
Fraser High School TPU,Hamilton
Eden Campus,Auckland
Kimihia Parents' College,Christchurch
Clendon Teen Parent Unit,Auckland
Alfredton School,Eketahuna
Arakura School,Lower Hutt
Avalon School,Lower Hutt
Ballance School,Pahiatua
Bellevue School (Newlands),Wellington
Belmont School (Lower Hutt),Lower Hutt
Berhampore School,Wellington
Birchville School,Upper Hutt
Blenheim School,Blenheim
Bohally Intermediate,Blenheim
Boulcott School,Lower Hutt
Brandon Intermediate,Porirua
Brooklyn School (Wellington),Wellington
Cannons Creek School,Porirua
Cardinal McKeefry School (Wilton),Wellington
Carterton School,Carterton
Cashmere Avenue School,Wellington
Crofton Downs Primary School,Wellington
Churton Park School,Wellington
Clifton Terrace Model School,Wellington
Clyde Quay School,Wellington
Corinna School,Porirua
Dalefield School,Carterton
Discovery School,Porirua
Dyer Street School,Lower Hutt
Eastern Hutt School,Lower Hutt
Eketahuna School,Eketahuna
Epuni School,Lower Hutt
Evans Bay Intermediate,Wellington
Fairfield School (Levin),Levin
Fairhall School,Blenheim
Featherston School,Featherston
Fergusson Intermediate (Trentham),Upper Hutt
Fernlea School,Lower Hutt
Fernridge School,Masterton
Fraser Crescent School,Upper Hutt
Gladstone School (Masterton),Gladstone
Pukeatua Primary School (Wainuiomata),Lower Hutt
Glenview School (Porirua East),Porirua
Gracefield School,Lower Hutt
Greenacres School,Wellington
Greytown School,Greytown
Grovetown School,Blenheim
Hampton Hill School,Wellington
Hataitai School,Wellington
Havelock School,Havelock
Hillcrest School (Pahiatua),Pahiatua
Holy Family School (Porirua),Porirua
Houghton Valley School,Wellington
Hutt Central School,Lower Hutt
Hutt Intermediate,Lower Hutt
Island Bay School,Wellington
Johnsonville School,Wellington
West Park School,Wellington
Kahutara School,Featherston
Kapanui School,Waikanae
Mahinawa Specialist School and Resource Centre,Porirua
Kapiti School,Paraparaumu
Karori Normal School,Wellington
Karori West Normal School,Wellington
Kelburn Normal School,Wellington
Kelson School,Lower Hutt
Kenakena School,Paraparaumu Beach
Khandallah School,Wellington
Kilbirnie School,Wellington
Koputaroa School,Levin
Korokoro School,Lower Hutt
Levin East School,Levin
Levin Intermediate,Levin
Levin North School,Levin
Levin School,Levin
Linden School,Wellington
Linkwater School,Linkwater
Lyall Bay School,Wellington
Maidstone Intermediate,Upper Hutt
Makara Model School,Wellington
Makuri School,Makuri
Manakau School,Levin
Mangaroa School,Upper Hutt
Mangatainoka School,Mangatainoka
Maoribank School,Upper Hutt
Maraeroa School,Porirua
Holy Cross School (Miramar),Wellington
Martinborough School,Martinborough
Masterton Intermediate,Masterton
Mauriceville School,Mauriceville
Mayfield School (Blenheim),Blenheim
Miramar Central School,Wellington
Miramar North School,Wellington
Mt Cook School (Wellington),Wellington
Muritai School,Lower Hutt
Naenae Intermediate,Lower Hutt
Naenae School,Lower Hutt
Natone Park School,Porirua
Newlands Intermediate,Wellington
Newlands School,Wellington
Newtown School,Wellington
Ngaio School,Wellington
Ngati Toa School,Porirua
Normandale School,Lower Hutt
Northland School,Wellington
Ohau School,Levin
Opaki School,Masterton
Opiki School,Palmerston North
Otaki School,Otaki
Our Lady of Rosary School (Waiwhetu),Lower Hutt
Owhiro Bay School,Wellington
Oxford Crescent School,Upper Hutt
Paekakariki School,Paekakariki
Pahiatua School,Pahiatua
Papakowhai School,Porirua
Paparangi School,Wellington
Paraparaumu Beach School,Paraparaumu Beach
Paraparaumu School,Paraparaumu
Paremata School,Porirua
Pauatahanui School,Porirua
Petone Central School,Lower Hutt
Picton School,Picton
Pinehaven School,Upper Hutt
Pirinoa School,Pirinoa
Plateau School,Upper Hutt
Plimmerton School,Porirua
Pomare School,Lower Hutt
Pongaroa School,Pongaroa
Porirua East School,Porirua
Porirua School,Porirua
Poroutawhao School,Levin
Postgate School,Porirua
Pukerua Bay School,Porirua
Maungaraki School,Lower Hutt
Randwick School,Lower Hutt
Rangikura School,Porirua
Rapaura School,Rapaura
Raroa Normal Intermediate,Wellington
Rata Street School,Lower Hutt
Raumati Beach School,Raumati Beach
Raumati South School,Raumati South
Redwood School (Tawa),Wellington
Redwoodtown School,Blenheim
Renwick School,Renwick
Rewa Rewa School,Wellington
Ridgway School,Wellington
Riverlands School,Blenheim
Roseneath School,Wellington
Russell School (Porirua East),Porirua
Sacred Heart School (Petone),Lower Hutt
Sacred Heart Cathedral School,Wellington
San Antonio School (Eastbourne),Lower Hutt
Seatoun School,Wellington
Seddon School,Seddon
Shannon School,Shannon
Silverstream School,Upper Hutt
Solway School,Masterton
South End School,Carterton
South Featherston School,Featherston
South Wellington Intermediate,Wellington
Spring Creek School,Spring Creek
Springlands School,Blenheim
St Annes School (Newtown),Wellington
St Anthony's School (Pahiatua),Pahiatua
St Anthony's School (Seatoun),Wellington
St Benedict's School (Khandallah),Wellington
St Bernadette's School (Naenae),Lower Hutt
St Bernard's School (Brooklyn),Wellington
St Brendan's School (Heretaunga),Upper Hutt
St Brigids School (Johnsonville),Wellington
St Francis De Sales School (Is.Bay),Wellington
St Francis Xavier School (Tawa),Wellington
St Joseph's School (Levin),Levin
St Joseph's School (Picton),Picton
St Joseph's School (Upper Hutt),Upper Hutt
St Mary's School (Blenheim),Blenheim
St Mary's School (Carterton),Carterton
St Michael's School (Taita),Lower Hutt
St Patrick's School (Masterton),Masterton
Our Lady of Kapiti School,Paraparaumu
St Claudine Thevenet School,Lower Hutt
St Patrick's School (Kilbirnie),Wellington
St Peter Chanel School (Otaki),Otaki
Sts Peter and Paul School (L.Hutt),Lower Hutt
St Pius X School (Titahi Bay),Porirua
St Teresa's School (Featherston),Featherston
St Teresa's School (Karori),Wellington
St Theresa's School (Plimmerton),Porirua
Tairangi School,Porirua
Taita Central School,Lower Hutt
Avalon Intermediate,Lower Hutt
Taitoko School,Levin
Tawa Intermediate,Wellington
Tawa School,Wellington
Tawhai School,Lower Hutt
Te Aro School,Wellington
Te Horo School (Otaki),Otaki
Thorndon School,Wellington
Tinui School,Masterton
Titahi Bay Intermediate,Porirua
Titahi Bay North School,Porirua
Titahi Bay School,Porirua
Tokomaru School,Tokomaru
Totara Park School,Upper Hutt
Tua Marina School,Blenheim
Tui Glen School,Lower Hutt
Tuturumuri School,Martinborough
Upper Hutt School,Upper Hutt
Wadestown School,Wellington
Waikanae School,Waikanae
Waikawa Bay School,Picton
Wainuiomata Primary School,Lower Hutt
Wainuioru School,Masterton
Wairau Valley School (Blenheim),Blenheim
Waitaria Bay School,Picton
Waitohu School,Otaki
Ward School,Ward
Waterloo School,Lower Hutt
Whareama School,Masterton
Whitney Street School,Blenheim
Wilford School,Lower Hutt
Otari School,Wellington
Windley School,Porirua
Witherlea School,Blenheim
Worser Bay School,Wellington
TKKM o Te Hiringa,Tokoroa
Te Kura-a-iwi o Whakatupuranga Rua Mano,Otaki
TKKM o Waiuku,Waiuku
TKKM o Hurungaterangi,Rotorua
TKKM o Te Kotuku,Auckland
TKKM o Whangaroa,Northland
TKKM o Te Ara Hou,Napier
Te Wharekura o Manurewa,Auckland
TKKM o Pukemiro,Kaitaia
Te Wharekura o Te Rau Aroha,Waitoa
TKKM o Te Tonga o Hokianga,Whirinaki
Te Kura Kaupapa Maori o Taumarunui,Taumarunui
TKKM o Kawakawa mai Tawhiti,Hicks Bay
Appleby School,Tasman
Auckland Point School,Nelson
Birchwood School,Nelson
Brightwater School,Brightwater
Broadgreen Intermediate,Nelson
Brooklyn School (Motueka),Motueka
Canvastown School,Canvastown
Clifton Terrace School,Nelson
Dovedale School,Tasman
Enner Glynn School,Nelson
Granity School,Granity
Hampden Street School,Nelson
Henley School (Nelson),Richmond
Hira School,Nelson
Hope School,Hope
Inangahua Junction School,Inangahua Junction
Lake Rotoiti School,Nelson
Lower Moutere School,Lower Moutere
Mahana School,Mahana
Maitai School,Nelson
Mapua School,Mapua
Maruia School,Maruia
Motueka South School,Motueka
Motupipi School,Takaka
Nayland Primary School,Nelson
Nelson Central School,Nelson
Nelson Intermediate,Nelson
Ngatimoti School,Motueka
Parklands School (Motueka),Motueka
Ranzau School,Hope
Richmond School (Nelson),Nelson
Riwaka School,Riwaka
Sacred Heart School (Reefton),Reefton
St Canice's School (Westport),Westport
St Joseph's School (Nelson),Nelson
St Peter Chanel School (Motueka),Motueka
Stoke School,Nelson
Tahunanui School,Nelson
Central Takaka School,Takaka
Takaka Primary School,Takaka
Tasman School,Tasman
Upper Moutere School,Upper Moutere
Victory Primary School,Nelson
Waimea Intermediate,Richmond
Wakefield School,Wakefield
Westport North School,Westport
Westport South School,Westport
Sacred Heart School (Christchurch),Christchurch
Addington Te Kura Taumatua,Christchurch
Albury School,Albury
Allenton School,Ashburton
Allenvale Special School and Res Centre,Christchurch
Amberley School,Amberley
Arowhenua Maori School,Temuka
Ashburton Borough School,Ashburton
Ashburton Intermediate,Ashburton
Ashburton Netherby School,Ashburton
Ashgrove School,Rangiora
Ashley School,Rangiora
Avonhead School,Christchurch
Bamford School,Christchurch
Banks Avenue School,Christchurch
Barrytown School,Barrytown
Beckenham School,Christchurch
Belfast School,Christchurch
Bishopdale School,Christchurch
Blaketown School,Greymouth
Breens Intermediate,Christchurch
Broadfield School,Selwyn
Bromley School,Christchurch
Broomfield School,Amberley
Burnham School - Te Kura o Tiori,Burnham
Burnside Primary School,Christchurch
Cannington School,Cannington
Carew Peel Forest School,Carew
Casebrook Intermediate,Christchurch
Cashmere Primary School,Christchurch
Chertsey School,Ashburton
Chisnallwood Intermediate,Christchurch
Christ The King School (Burnside),Christchurch
Christchurch East School,Christchurch
Christchurch South Intermediate,Christchurch
Clarkville School,Kaiapoi
Cobden School,Greymouth
Cobham Intermediate,Christchurch
Cotswold School,Christchurch
Cust School,Cust
Darfield School,Darfield
Diamond Harbour School,Diamond Harbour
Dorie School,Ashburton
Dunsandel School,Leeston
Duvauchelle School,Duvauchelle
Elmwood Normal School,Christchurch
Fairlie School,Fairlie
Fairton School,Ashburton
Fendalton Open Air School,Christchurch
Ferndale School (Christchurch),Christchurch
Fernside School,Rangiora
Fox Glacier School,Fox Glacier
Franz Josef Glacier School,Franz Josef
Gilberthorpe School,Christchurch
Gleniti School,Timaru
Glenavy School,Waimate
Glentunnel School,Glentunnel
Governors Bay School,Governors Bay
Greendale School,Christchurch
Greta Valley School,Amberley
Greymouth Main School,Greymouth
Haast School,Haast
Halswell School,Christchurch
Hampstead School,Ashburton
Hanmer Springs School,Hanmer Springs
Hapuku School,Kaikoura
Harewood School,Christchurch
Heathcote Valley School,Christchurch
Heaton Normal Intermediate,Christchurch
Highfield School,Timaru
Hinds School,Ashburton
Hokitika School,Hokitika
Hoon Hay School,Christchurch
Hornby Primary School,Christchurch
Hororata School,Darfield
Ilam School,Christchurch
Isleworth School,Christchurch
Kaingaroa School (Chatham Islands),Chatham Islands
Kaiapoi Borough School,Kaiapoi
Kaiapoi North School,Kaiapoi
Kaikoura Primary School,Kaikoura
Kaikoura Suburban School,Kaikoura
Kaniere School,Hokitika
Karoro School,Greymouth
Kirkwood Intermediate,Christchurch
Kirwee Model School,Kirwee
Kokatahi-Kowhitirangi School,Hokitika
Kumara School,Kumara
Ladbrooks School,Ladbrooks
Lake Tekapo School,Lake Tekapo
Lauriston School,Ashburton
Leeston School,Leeston
Leithfield School,Amberley
Lincoln Primary School,Lincoln
Linwood Avenue School,Christchurch
Linwood North School,Christchurch
Little River School,Little River
Loburn School,Rangiora
Mairehau School,Christchurch
Makikihi School,Makikihi
Marshland School,Christchurch
Mayfield School (Mid-Canterbury),Ashburton
Merrin School,Christchurch
Methven School,Methven
Mt Somers Springburn School,Ashburton
Aoraki Mount Cook School,Mt Cook
Mt Pleasant School,Christchurch
New Brighton Catholic School (Chch),Christchurch
North Loburn School,Loburn North
Northcote School (Christchurch),Christchurch
Oaklands School,Christchurch
Ohoka School,Kaiapoi
Okains Bay School,Okains Bay
Omihi School,Hurunui
Opawa School,Christchurch
Our Lady of Assumption School (Chch),Christchurch
Our Lady of Snows School (Methven),Methven
Our Lady of Victories,Christchurch
Ouruhia Model School,Christchurch
Papanui School,Christchurch
Paparoa Street School,Christchurch
Parkview School,Christchurch
Paroa School (Greymouth),Greymouth
Pitt Island School,Chatham Islands
Pleasant Point Primary School,Pleasant Point
Prebbleton School,Prebbleton
Queenspark School,Christchurch
Rakaia School,Rakaia
Rangiora Borough School,Rangiora
Redcliffs School,Christchurch
Redwood School (Christchurch),Christchurch
Riccarton School,Christchurch
Rolleston School,Rolleston
Ross School,Ross
Rotherham School,Rotherham
Rowley Avenue School,Christchurch
Roydvale School,Christchurch
Runanga School,Runanga
Russley School,Christchurch
Sacred Heart School (Timaru),Timaru
Sefton School,Sefton
Sheffield Contributing School,Sheffield
Shirley Intermediate,Christchurch
Shirley School,Christchurch
Sockburn School,Christchurch
Somerfield School,Christchurch
South Hornby School,Christchurch
South New Brighton School,Christchurch
Southbridge School,Southbridge
Southbrook School,Rangiora
Spreydon School,Christchurch
Springfield School,Springfield
Springston School,Springston
St Albans Catholic School (Christchurch),Christchurch
St Albans School,Christchurch
St Andrew's School (Timaru),St Andrews
St Anne's School (Woolston),Christchurch
St Bernadette's School (Hornby),Christchurch
St James School (Aranui),Christchurch
St Joseph's School (Ashburton),Ashburton
St Joseph's School (Pleasant Point),Pleasant Point
St Joseph's School (Fairlie),Fairlie
St Joseph's School (Kaikoura),Kaikoura
St Joseph's School (Papanui),Christchurch
St Joseph's School (Temuka),Temuka
St Joseph's School (Timaru),Timaru
St Martins School,Christchurch
St Mary's School (Christchurch),Christchurch
St Mary's School (Hokitika),Hokitika
St Patrick's School (Bryndwr),Christchurch
St Patrick's School (Greymouth),Greymouth
St Patrick's School (Waimate),Waimate
St Patrick's School (Kaiapoi),Kaiapoi
St Peter's School (Beckenham),Christchurch
St Teresa's School (Riccarton),Christchurch
Our Lady Star of the Sea School (Christchurch),Christchurch
Sumner School,Christchurch
Swannanoa School,Rangiora
Tai Tapu School,Christchurch
Te One School,Chatham Islands
Waitaha School,Christchurch
Templeton School,Christchurch
Thorrington School,Christchurch
Tinwald School,Ashburton
Tuahiwi School,Kaiapoi
View Hill School,Christchurch
Waiau School,Waiau
Waihao Downs School,Waimate
Waikari School,Waikari
Pegasus Bay School,Pegasus
Waimairi School,Christchurch
Waimataitai School,Timaru
Waimate Centennial School,Waimate
Waimate Main School,Waimate
Waipara School,Waipara
Wairakei School (Christchurch),Christchurch
Waituna Creek School,Waimate
Wakanui School,Ashburton
Waltham School,Christchurch
Weedons School,Christchurch
West Eyreton School,Rangiora
West Melton School,West Melton
West Spreydon School,Christchurch
Westburn School,Christchurch
Wharenui School,Christchurch
Whataroa School,Whataroa
Longbeach School,Ashburton
Windwhistle School,Darfield
Woodbury School,Geraldine
Woodend School,Woodend
Yaldhurst Model School,Yaldhurst
Abbotsford School,Dunedin
Alexandra School,Alexandra
Andersons Bay School,Dunedin
Ardgowan School,Oamaru
Arthur Street School,Dunedin
Fenwick School,Oamaru
Balaclava School,Dunedin
Balclutha School,Balclutha
Balmacewen Intermediate,Dunedin
Bradford School,Dunedin
Broad Bay School,Dunedin
Brockville School,Dunedin
Clinton School,Clinton
Clutha Valley School,Greenfield
Clyde School,Clyde
Concord School,Dunedin
Cromwell Primary School,Cromwell
Dunedin North Intermediate,Dunedin
Duntroon School,Duntroon
East Taieri School,Mosgiel
Fairfield School (Dunedin),Dunedin
Pembroke School (Oamaru),Oamaru
Five Forks School,Waitaki
Flagswamp School,Waikouaiti
George Street Normal School,Dunedin
Goldfields School (Cromwell),Cromwell
Grants Braes School,Dunedin
Green Island School,Dunedin
Halfway Bush School,Dunedin
Hampden School,Hampden
Hawea Flat School,Wanaka
Heriot School,Tapanui
Kaikorai School,Dunedin
Kaitangata School,Kaitangata
Kakanui School,Kakanui
Karitane School,Karitane
Lee Stream School,Outram
Macandrew Bay School,Dunedin
Macraes Moonlight School,Palmerston
Maheno School,Maheno
Makarora Primary School,Wanaka
Maori Hill School,Dunedin
Millers Flat School,Millers Flat
Milton School,Milton
Mornington School,Dunedin
Elmgrove School,Mosgiel
Musselburgh School,Dunedin
North East Valley Normal School,Dunedin
Oamaru Intermediate,Oamaru
Oamaru North School,Oamaru
Omakau School,Omakau
Omarama School,Omarama
Opoho School,Dunedin
Outram School,Outram
Palmerston School,Palmerston
Papakaio School,Oamaru
Pine Hill School (Dunedin),Dunedin
Poolburn School,Oturehua
Port Chalmers School,Port Chalmers
Portobello School,Dunedin
Purakaunui School,Purakanui
Ravensbourne School,Dunedin
Romahapa School,Balclutha
Rosebank School (Balclutha),Balclutha
Sacred Heart School (Dunedin),Dunedin
Sara Cohen School,Dunedin
Sawyers Bay School,Port Chalmers
St Bernadette's School (Forbury),Dunedin
St Brigids School (Tainui),Dunedin
St Francis Xavier School (Mornington),Dunedin
St Gerard's School (Alexandra),Alexandra
St John's School (Ranfurly),Ranfurly
St Joseph's School (Oamaru),Oamaru
St Joseph's School (Balclutha),Balclutha
St Joseph's Cathedral School,Dunedin
St Joseph's School (Port Chalmers),Port Chalmers
St Leonard's School (Dunedin),Dunedin
St Mary's School (Dunedin),Dunedin
St Mary's School (Milton),Milton
St Mary's School (Mosgiel),Mosgiel
St Peter Chanel School (Green Island),Dunedin
St Clair School,Dunedin
Stirling School,Stirling
Strath Taieri School,Middlemarch
Tahakopa School,Owaka
Tahuna Normal Intermediate,Dunedin
Taieri Beach School,Brighton
Tainui School,Dunedin
Tapanui School,Tapanui
Tarras School,Tarras
The Terrace School (Alexandra),Alexandra
Tokoiti School,Milton
Totara School,Alma
Waihola District School,Waihola
Waikoikoi School,Waikoikoi
Waikouaiti School,Waikouaiti
Waitahuna School,Waitahuna
Waitati School,Waitati
Waiwera South School,Waiwera South
Wakari School,Dunedin
Warepa School,Balclutha
Warrington School,Warrington
Weston School,Weston
Arrowtown School,Arrowtown
Balfour School,Balfour
Hillside Primary School,Browns
Hauroko Valley Primary School,Tuatapere
Dipton School,Dipton
East Gore School,Gore
Edendale School (Southland),Edendale
Garston School,Garston
Glenham School,Wyndham
Glenorchy School,Glenorchy
Gore Main School,Gore
Gorge Road School,Invercargill
Halfmoon Bay School,Stewart Island
Heddon Bush School,Winton
Hedgehope School,Invercargill
Invercargill Middle School,Invercargill
Windsor North School,Invercargill
Isla Bank School,Otautau
Knapdale School,Gore
Limehills School,Limehills
Lochiel School,Lochiel
Longford Intermediate,Gore
Lumsden School,Lumsden
Makarewa School,Invercargill
Mararoa School,Te Anau
Mataura School,Mataura
Mossburn School,Mossburn
Myross Bush School,Myross Bush
Otama School,Gore
Otatara School,Invercargill
Otautau School,Otautau
Pukerau School,Gore
Queenstown School,Queenstown
Rimu School,Invercargill
Riversdale School,Riversdale
Riverton School,Riverton
Ruru Special School,Invercargill
Sacred Heart School (Waikiwi),Invercargill
Salford School,Invercargill
St Joseph's School (Queenstown),Queenstown
St Joseph's School (Invercargill),Invercargill
St Mary's School (Gore),Gore
St Patrick's School (Nightcaps),Nightcaps
St Patrick's School (Invercargill),Invercargill
St Teresa's School (Bluff),Bluff
St Theresa's School (Invercargill),Invercargill
St Thomas School (Winton),Winton
Te Anau School,Te Anau
Te Tipua School,Gore
Thornbury School,Riverton
Tisbury School,Invercargill
Tokanui School,Tokanui
Tuturau Primary School,Gore
Waianiwa School,Invercargill
Waihopai School,Invercargill
Waikaia School,Waikaia
Waikaka School,Gore
Wallacetown School,Wallacetown
Waverley Park School,Invercargill
West Gore School,Gore
Winton School,Winton
Woodlands Full Primary School,Invercargill
Wyndham School,Wyndham
Balmoral S D A School,Auckland
Carncot Independent School,Palmerston North
Hadlow Preparatory School,Masterton
Hamilton Seventh-Day Adventist School,Hamilton
Parkside Christian S D A School,Napier
Hereworth School,Havelock North
Hohepa School,Napier
Huntley School (Marton),Marton
Southland Adventist Christian School,Invercargill
Kings School (Remuera),Auckland
Liberton Christian School,Dunedin
Medbury Preparatory School,Christchurch
Miramar Christian School,Wellington
Nelson College For Girls Prep School,Nelson
Nelson College (Prep.Dept.),Nelson
New Plymouth S D A School,New Plymouth
South City Christian School,Hamilton
Palmerston North Adventist Christian School,Palmerston North
Rotorua S D A School,Rotorua
St George's Preparatory School,Whanganui
St John's Girls' School (Invercargill),Invercargill
St Joseph's School (Rangiora),Rangiora
Saint Kentigern Boys' School,Auckland
St Mark's Church School (Mt Victoria),Wellington
St Mark's School (Christchurch),Christchurch
St Michael's Church School,Christchurch
Selwyn House School,Christchurch
South Auckland S D A School,Auckland
Southwell School,Hamilton
Tamariki School,Christchurch
Tauranga Adventist School,Tauranga
Te Pi'ipi'inga Kakano Mai Rangiatea,New Plymouth
Timatanga Community School,Waitakere
Waihi School,Winchester
Wellesley College,Lower Hutt
Wellington S D A School,Porirua
Waitakere S D A School,Auckland
Whangarei Adventist Christian School,Whangarei
Blind and Low Vision Education Network NZ,Auckland
Westbridge Residential School,Auckland
Hutt International Boys' School,Upper Hutt
TKKM o Te Atihaunui-A-Paparangi,Whanganui
Hare Krishna School,Riverhead
TKKM o Otara,Manukau
TKKM o Nga Maungarongo,Auckland
TKKM o Mangere,Auckland
TKKM o Manawatu,Palmerston North
TKKM o Te Rito,Otaki
TKKM o Waitaha,Christchurch
Te Wharekura o Arowhenua,Invercargill
TKKM o Tokomaru,Tokomaru Bay
TKKM o Tamarongo,Opunake
TKKM o Tamaki Nui A Rua,Dannevirke
TKKM o Kaikohe,Kaikohe
Te KKM o Puau Te Moananui-a-Kiwa,Auckland
TKKM o Manurewa,Auckland
TKKM o Whakarewa I Te Reo Ki Tuwharetoa,Taupo
Golden Sands School,Papamoa
Te Matauranga,Auckland
Tahatai Coast School,Tauranga
Snells Beach Primary School,Snells Beach
Somerville Intermediate School,Auckland
Whangaparaoa College,Stanmore Bay
Remarkables Primary School,Queenstown
Hobsonville Point Primary School,Auckland
Gulf Harbour School,Whangaparaoa
Point View School,Auckland
Waiheke Primary School,Waiheke Island
Alfriston College,Auckland
Botany Downs Secondary College,Auckland
Pinehill School (Browns Bay),Auckland
Summerland Primary,Auckland
Kohia Terrace School,Auckland
Te Akau ki Papamoa Primary School,Tauranga
Endeavour School,Hamilton
Randwick Park School,Auckland
Selwyn Ridge School,Tauranga
Oteha Valley School,Auckland
The Gardens School,Manukau
Albany Junior High School,Auckland
Upper Harbour Primary School,Auckland
Willowbank School (Howick),Auckland
Baverstock Oaks School,Auckland
Te Wharekura o Mauao,Tauranga
Papamoa College,Tauranga
Lemonwood Grove School,Rolleston
Garin College,Nelson
Rototuna Primary School,Hamilton
Hobsonville Point Secondary School,Auckland
Reremoana Primary School,Auckland
Clearview Primary,Rolleston
Pyes Pa West School (Proposed opening date: 28 January 2019),Tauranga
Wigram Primary School Te Piki Kahu (Proposed opening date: 1 January 2018 ),Christchurch
Lincoln South Primary School (Proposed opening date: 1 January 2019),
Flat Bush South East School (Proposed opening date: 1 January 2019 ),Auckland
Wakatipu High Frankton Flats (Proposed opening date: 1 January 2018),Queenstown
Matua Ngaru School (Proposed opening date: 1 February 2019),Kumeu
Sylvester Primary School (Proposed opening date: 1 January 2019 ),Hamilton
Jireh School (Proposed opening date: 1 January 2018),Auckland
Te Rangihakaka Centre for Science and Technology (Proposed ),
Blue Light Senior Boys High School (Proposed),Wairakei
